"id","age_months","age_years","gender","primary_lang","is_bilingual","stim_set","highest_count","knower_level","knower_level_cp_subset"
"00a40fa7-85cc-4013-802d-55a22891cb87",36,3,"F","English","N",5,11,"2","subset"
"02cf286f-e2b7-4d6f-aeef-5ce2be327215",51,4,"F","English","N",1,9,"CP","CP"
"046da44d-4263-408e-9dca-45cc31e63429",53,4,"F","English","N",2,12,"CP","CP"
"07dc0307-6117-4a8c-8689-d2ca6baee275",61,5,"F","English","N",4,100,"CP","CP"
"120b6d0f-02e8-4022-9e13-cec68fe2eb37",51,4,"F","English","N",6,12,"2","subset"
"12f99e13-1927-42e7-8e17-1eee48f80834",37,3,"M","English","N",1,1,"2","subset"
"1408d7e1-f24e-4b6e-97a7-f0d90a047918",70,5,"F","English","N",1,29,"CP","CP"
"15ad5f06-65f9-4d9c-8da5-5c61479634a3",50,4,"M","English","N",1,10,"CP","CP"
"18d3df32-bdaf-45c9-a937-d57a83e034b7",58,4,"M","English","N",1,12,"CP","CP"
"1b2517f9-37f5-46dd-a90d-def9e8a3f6d7",28,2,"M","English","N",3,NA,"3","subset"
"1c65c41e-18ea-4226-8cdb-466040d79b79",35,2,"F","English","N",4,1,"2","subset"
"21197cb6-a405-4b4c-83d6-42717947a0b3",58,4,"F","English","N",5,28,"CP","CP"
"212e669f-c452-4d4e-aa68-174056af6fa3",53,4,"F","English","N",1,14,"CP","CP"
"2b19958f-d0d2-4692-a611-2146a5b93e7e",50,4,"M","English","N",5,2,"CP","CP"
"2c970f82-fde3-45f3-b420-2f82a2bbc74c",56,4,"F","English","N",3,12,"CP","CP"
"31189271-b3aa-4901-bf22-239f8b61fc02",46,3,"M","English","N",6,29,"CP","CP"
"350248e7-4e16-4f9b-9c0e-fb278361cca2",44,3,"M","English","N",3,11,"CP","CP"
"39a10834-25d8-4137-8665-0e1ebe5fd9ba",59,4,"M","English","N",1,59,"CP","CP"
"3ae1de4f-11df-440b-876a-de4a73a18e51",43,3,"F","English","N",2,8,"2","subset"
"4c116ce6-3fa5-47a7-89f9-ff0ec91da8b4",46,3,"F","English","N",1,12,"3","subset"
"4eed1c0f-693e-49f9-87f8-bc43ec87ceee",49,4,"M","English","N",1,10,"CP","CP"
"511fc608-fcc1-480b-a328-fc584a7b4380",36,3,"F","English","N",4,5,"3","subset"
"51637141-7236-4b56-9878-dd101632327a",44,3,"F","English","N",1,4,"2","subset"
"58b8f755-1f1a-4dd7-a4fa-f4cdd76a83a8",45,3,"F","English","N",6,9,"4","subset"
"597fe57e-a2f3-412d-807f-81050543ef07",42,3,"F","English","German",2,10,"3","subset"
"619a716d-9fd0-4c9c-9fb9-03404b3a4e77",60,5,"M","English","N",5,29,"CP","CP"
"686b5cb2-f9b3-496c-ac14-49ae0677e15f",49,4,"F","English","N",1,10,"3","subset"
"688e723d-ab4c-4b95-9642-821baf410dba",52,4,"M","English","N",4,13,"CP","CP"
"68aa095a-feea-4dc2-b495-4dc55331dd28",43,3,"M","English","N",3,7,"2","subset"
"69ccb70d-7ef6-47a0-93dd-cfcfcaaf83f8",56,4,"F","English","N",2,12,"CP","CP"
"7106a5ae-025d-422b-82e0-7e758e26bf74",50,4,"F","English","N",6,11,"CP","CP"
"719346f0-649f-4e4f-a02c-ffa4847c301a",60,5,"F","English","N",5,12,"CP","CP"
"73a79736-a9dd-4436-923b-bc0ef50fd4cb",55,4,"F","English","N",4,12,"CP","CP"
"750c0af7-941f-4cd0-b62b-84b6b0d209e2",39,3,"F","English","N",1,3,"3","subset"
"791053d4-9d57-462b-8b76-cf2a3e5baad1",51,4,"F","English","N",4,12,"4","subset"
"7df99b83-7a0d-4997-883b-63f9aab27a47",67,5,"F","English","N",4,39,"CP","CP"
"85c7bfd8-9a89-40d8-94d5-f9d67002af5f",41,3,"F","English","N",2,12,"CP","CP"
"8772bb72-4b27-4b54-887a-9eeb70708409",44,3,"F","English","N",6,14,"5","subset"
"89c18845-394f-4dbd-9872-a6593ca1643d",52,4,"F","English","N",4,4,"2","subset"
"90610b86-672e-4272-8145-30d7d8765db2",57,4,"M","English","N",2,49,"CP","CP"
"91a7cb06-38b9-4171-af4c-70938e5385da",62,5,"F","English","N",3,14,"4","subset"
"92daa03d-26c0-4b1e-a4bc-ab6d444fb910",60,5,"M","English","N",6,10,"4","subset"
"9d6d4e33-0189-401f-a8ec-86fd20e17d6c",60,5,"M","English","N",6,13,"CP","CP"
"a2c389d4-77f6-4789-a967-704aaa9c9f8a",57,4,"M","English","N",3,12,"CP","CP"
"a37e5041-6945-4c51-aa72-743110fb404c",58,4,"F","English","N",6,12,"CP","CP"
"a5ec5d6b-cd1c-46d3-8d8d-f2dcac0b9817",49,4,"F","English","N",2,14,"CP","CP"
"aa7ec9a9-ef5e-4596-818b-e5af7cf918c8",25,2,"F","English","N",3,NA,"1","subset"
"ae7fa0c3-48e0-4d53-b7e1-340f4ab9eb90",49,4,"F","English","N",2,2,"1","subset"
"b3599181-d622-47cc-b49a-c2f8978a4e5f",54,4,"F","English","N",6,15,"CP","CP"
"b5ef8882-0c1b-4ad1-98f4-bd417df29da0",63,5,"M","English","N",3,12,"CP","CP"
"bbe64a45-e2d0-4009-823f-614e828a3294",55,4,"M","English","N",4,4,"3","subset"
"c0887204-3798-414a-913f-b808b6b1f048",56,4,"F","English","N",3,12,"5","subset"
"c4acb973-dd37-43f0-9c05-f74858705aae",52,4,"M","English","N",6,12,"CP","CP"
"d29faf5d-0661-4fc2-9ec0-1916e78a7953",62,5,"M","English","N",3,79,"CP","CP"
"d392d804-0fb3-45ce-b726-96ba701cebb4",38,3,"F","English","N",2,10,"3","subset"
"dd8473ad-fef7-4067-9bbb-5f407124eea8",71,5,"F","English","N",5,48,"CP","CP"
"dfdd5f33-0618-404d-b422-ec6f3bb1ed70",53,4,"F","English","N",1,29,"CP","CP"
"f4847942-06e6-4ee9-a808-eeb0c5a8b25b",56,4,"M","English","N",4,10,"CP","CP"
"f5d16a9c-a0d2-4b1f-abcb-8869e54838c7",36,3,"F","English","N",6,4,"2","subset"
"f95edf5d-2a83-41db-9077-6c3999930b30",31,2,"F","English","N",5,9,"2","subset"
"f9d53c14-4bba-44bf-91f0-d245fb1fbc1a",56,4,"F","English","N",5,9,"3","subset"
"fba9e708-2413-423b-841d-c12a0551b9e3",36,3,"F","English","N",3,100,"CP","CP"
"fe3f0502-dfa6-4792-9a61-73e437ac26ea",36,3,"M","English","N",5,NA,"2","subset"
"fe78c609-3d7a-45c9-aadf-959883fbf311",42,3,"M","English","N",1,10,"4","subset"
"ff80e8ce-b3c9-4ef1-be7f-ea8e63da53bb",49,4,"F","English","N",4,2,"3","subset"
"ffa32f45-fd99-4318-aee2-4d7d76cda6be",61,5,"M","English","N",2,12,"CP","CP"
"ffe2a232-1a05-4e92-adea-52eaf33d0366",38,3,"F","English","N",5,10,"5","subset"
